time,open,high,low,close,Plot,Shapes,Shapes,Oscillator,Original,Sell Signal,Buy Signal,Raw Z,Smoothed,Baseline,ATR
1763584200,404.53,405.52,401.75,404.04,-0.18137143346160328,,,-0.2617227406019192,,,,-0.611272766755453,-0.9397285866311639,408.1608666666666,6.872327535486682
1763649000,414.63,428.13,414.53,427.81,-0.10029212469485287,,,-0.08684616660345676,,,,1.779969298259387,-0.39578900965305364,408.4295294117647,7.216680984776948
1763652600,427.84,428.94,417.15,418.3,-0.04014481219203923,,,0.06416405964305441,,,,1.9527370594995304,0.0739162041774632,408.78660980392164,7.3081473650814095
1763656200,418.31,419.07,401.55,404.18,-0.02068631599187904,,,0.07741691768384348,,,,0.2800259715303257,0.1151381576480357,408.67383725490197,7.5123844177797805
1763659800,404.13,408.15,398.49,405.19,-0.010124071447137985,,,0.03321852891227912,,,,-0.5722395837448782,-0.02233739063054707,408.3134627450981,7.555336729424184
1763663400,405.12,405.79,397.4,402.39,-0.0049231639580496235,,,-0.009925947312267987,,,,-0.6933245791927105,-0.15653482834297974,407.924874509804,7.572029994835701
1763667000,402.36,404.55,398.05,399.82,-0.07933977300307674,,,-0.053583776969787424,,,,-0.8355057405905602,-0.29232901079249585,407.5035607843137,7.550589394938986
1763670600,399.84,400.63,394.75,395.055,-0.13799052096000589,,,-0.11518187591045306,,,,-1.250308776588229,-0.4839249639516425,406.9675431372549,7.517177607040206
1763735400,402.17,402.72,387.79,388.29,-0.17127796466954043,,,-0.17741695041087818,,,,-1.4518110370531214,-0.6775021785719383,406.3712617647058,7.665434054899402
1763739000,388.13,391.51,383.77,391.4,-0.20099740166911056,,,-0.27516736466793384,,,,-2.1977263505323683,-0.9815470129640244,405.5523039215686,7.666925373801414
1763742600,391.46,401.2,389.75,400.39,-0.19818039593565268,,,-0.2896679699009777,,,,-1.2070618688433998,-1.0266499841398995,405.045781372549,7.742586866325386
1763746200,400.39,402.24,393.19,394.68,-0.20323449128789234,,,-0.28173730911863043,,,,-0.9033115582869089,-1.0019822989693015,404.6425882352942,7.768735128998878
1763749800,394.6,402.31,394.41,401.69,-0.17373705755053398,,,-0.26725714929584055,,,,-0.7767854121451971,-0.9569429216044807,404.28917941176474,7.7713604264189
1763753400,401.75,402.01,395.71,395.8,-0.13998991506867367,,,-0.24863192162311987,,,,-0.6672815270054029,-0.8990106426846651,403.98354901960784,7.741933217890522
1763757000,395.76,397.52,390.58,391.16,-0.1284674240158951,,,-0.2719673272485756,,,,-1.2619251936248779,-0.9715935528727078,403.50450098039215,7.7258945535327115
1763994600,402.17,416.24,401.12,414.73,-0.07924151740291474,,,-0.17022766485286825,,,,0.6106718032036111,-0.655140481657444,403.6350607843137,8.072976662462057
1763998200,414.66,419.68,413.95,417.6,-0.010506541062825982,,,-0.028929171316855275,,,,1.5423477537393362,-0.21564283457808792,404.09343627450977,8.026117129212818
1764001800,417.57,420.37,416.7,418.95,0.039353580869425454,,,0.09646415389624852,,,,1.7344866399647392,0.1743830603304775,404.6274196078431,7.9389947866285615
1764005400,418.91,420.49,418.01,418.61,0.10551541116903602,,,0.19880826984441236,,,,1.7660489382179396,0.49271623590797,405.1771637254901,7.829814890895991
1764009000,418.61,421.71,418.1,419.25,0.18637187503524236,,,0.2807399810923527,,,,1.7669263641807593,0.7475582615625279,405.73191568627453,7.745418593078069
1764012600,419.3,419.48,416,417.06,0.18927975275929293,,,0.33126031969742115,,,,1.5332555960114922,0.9046977284523209,406.21509313725494,7.660110221216508
1764016200,417.03,421.45,416.66,417.56,0.18450808831985313,,,0.37020005392773014,,,,1.5102923510076693,1.0258166529633908,406.6926882352941,7.602708016792177
1764081000,414.42,415.09,405.96,408.48,0.15000295879974154,,,0.338655663967874,,,,0.5352351605861567,0.927700354487944,406.87547352941175,7.682653856456334
1764084600,408.46,412.67,408.13,412.51,0.12716083428420102,,,0.3078027560142152,,,,0.44787285909667096,0.8317348554096895,407.0297980392157,7.619800779327208
1764088200,412.57,419.13,412.41,418.38,0.12141984710517739,,,0.3240998259332872,,,,1.0851885088944795,0.8824255861066476,407.3731088235294,7.601804763740663
1764091800,418.45,420.46,417.22,418.63,0.12331552948689846,,,0.360304896756633,,,,1.4454904511664577,0.9950385591186097,407.827762745098,7.514568668465849
1764095400,418.65,418.95,415.52,417,0.11818220770241637,,,0.3767812390813044,,,,1.2512802748988787,1.0462869022746637,408.22938725490195,7.432877295096532
1764099000,416.97,418.46,414.63,417.58,0.14382239126552648,,,0.3821063643981033,,,,1.1291037812295455,1.0628502780656401,408.59887058823523,7.360819749194601
1764102600,417.58,420.17,417.47,419.33,0.16119480872029585,,,0.3987818345424016,,,,1.3221888495166247,1.114717992355837,409.02835588235297,7.267603354210708
1764167400,423.95,425.5,416.89,419.43,0.15978907407828763,,,0.4318539842376571,,,,1.629059356201179,1.2175862651249054,409.5594058823529,7.294451287126494
1764171000,419.59,421.3,417.5,419.17,0.1604008051510307,,,0.43715920323494056,,,,1.3000935590173381,1.234087723903392,409.99739313725496,7.224562261383964
1764174600,419.24,421.85,418.25,420.81,0.17165153220702872,,,0.4439883070866511,,,,1.340294626729373,1.2553291044685881,410.45161764705887,7.152071016156285
1764178200,420.83,424.09,420.27,423.49,0.18887963295440124,,,0.464758759227637,,,,1.5783532435196905,1.3199339322788086,410.98668921568634,7.085429595833158
1764181800,423.55,426.4,422.03,426.32,0.2063331031190537,,,0.4984113170438339,,,,1.8433018609910463,1.4246075180212563,411.6145215686275,7.031121003916494
1764185400,426.31,426.42,423.32,425.13,0.2190479525254926,,,0.5273288606714782,,,,1.8743360347808868,1.5145532213731825,412.263681372549,6.952498583838165
1764189000,425.05,426.94,423.99,426.49,0.23574443187230051,,,0.5488009076091245,,,,1.848488632534089,1.581340303605364,412.913856862745,6.872448612161402
1764340200,426.48,432.92,426.2,427.415,0.2505837115072633,,,0.583788328617267,,,,2.1254681575422603,1.6901658743927435,413.6530598039217,6.869399639918174
1764343800,427.43,432.39,426.8,429.16,0.2581375036410492,,,0.6117375079679261,,,,2.1248342935320754,1.77709955822061,414.4030343137256,6.84381164711981
1764347400,429.17,430.34,428.46,429.7,0.2606540854228929,,,0.6334936190481912,,,,2.115452763201405,1.844770199216769,415.1497539215687,6.744535414177414
1764351000,429.69,430.55,428.25,430.09,0.2673601030668546,,,0.6478345681687564,,0.6478345681687564,,2.067802067343753,1.889376572842166,415.88244411764714,6.655644705893866
1764599400,425.39,433.66,425.23,428.25,0.2652508726991013,0.2652508726991013,,0.6377945056010402,,,,1.7332325204671075,1.8581477623671545,416.53521274509785,6.691131811775989
1764603000,428.35,429.7,425.8,427.15,0.2567913278212595,,,0.6209964575865513,,,,1.5969028476783682,1.8058987794293975,417.154055882353,6.635309175540469
1764606600,427.15,429.55,426.64,429.12,0.24820825766274224,,,0.6062797549501482,,,,1.5770231552240614,1.7601236545883303,417.76846176470593,6.560802992029659
1764610200,429.14,431.11,428.79,429.28,0.2380965897465136,,,0.6039043365115028,,,,1.7231809105969556,1.7527351057900553,418.42070294117644,6.475986932189066
1764613800,429.31,429.37,427.02,427.85,0.2258484529347313,,,0.5855695920996828,,,,1.4675913357773034,1.6957063517875048,419.00450294117655,6.393467193545285
1764617400,427.86,428.88,426.31,428.82,0.22142240325271084,,,0.5621623674608868,,,,1.3316748644034289,1.6229000543106897,419.5553127450981,6.3169978496743795
1764621000,428.85,430.28,428.54,430.26,0.2226119433628527,,,0.5541967522987044,,,,1.4990180144633731,1.5981236463412265,420.1504264705882,6.225457892680891
1764685800,430.8,436.82,427.74,429.8,0.21554469531287826,,,0.5588219487152553,,,,1.6700551613731212,1.6125099493476056,420.79779705882356,6.282548734827272
1764689400,429.91,431.96,423.1,424.16,0.19228538159073236,,,0.5162269805111085,,,,0.9500687642131295,1.4800217123207107,421.2646715686275,6.334097760130725
1764693000,424.15,426.21,422.13,425.5,0.1784239675866215,,,0.45066785910832385,,,,0.4604397309399232,1.2761053160445532,421.6017872549019,6.289015804928111
1764696600,425.65,425.81,423,425.06,0.1601197120076627,,,0.39904128435609304,,,,0.4732036869274342,1.1155249902211293,421.9369401960785,6.219435488829549
1764700200,425.02,427.57,424.06,426.85,0.1497743558777074,,,0.36465345894758433,,,,0.5807221067295469,1.008564413522813,422.2947049019608,6.165246779052958
1764703800,426.82,431.05,426.77,430.36,0.14775491420161382,,,0.3626425956833855,,,,0.9772912678898615,1.0023097843962225,422.76160686274517,6.127541843471899
1764707400,430.34,430.5,428.92,429.04,0.15521193729095403,,,0.36677723425714404,,,,1.0666120950301026,1.0151702465229986,423.26129901960786,6.036591006602461
1764772200,432.04,442.61,431.1,441.22,0.19293417212548675,,,0.43369394766460345,,,,2.055865633886286,1.223309323995656,424.02232647058827,6.187259186470412
1764775800,441.17,444.38,437.75,439.5,0.22633593053328963,,,0.5188657442184387,,,,2.5479095814425494,1.4882293754850346,424.91286176470584,6.1961140027410035
1764779400,439.53,442.31,439.2,441.3,0.25842481733079653,,,0.5784715631481722,,,,2.415225004252274,1.6736285012384826,425.7690637254901,6.134391722686184
1764783000,441.3,443.31,440.97,443.3,0.28368413818385607,,,0.63601438533112,,,,2.568540199262553,1.8526108408432969,426.6584892156864,6.058503888232459
1764786600,443.29,447.92,442.61,446.96,0.32119797359951185,,,0.7037784815142778,,,,2.9064848094771674,2.063385634570071,427.6295607843137,6.04353381046781
1764790200,446.99,447.78,445.05,446.29,0.31986008439022034,0.31986008439022034,,0.7638091705209843,,,,2.996988885063174,2.2501062846686914,428.6137088235295,5.977263134258453
1764793800,446.27,447.28,445.3,446.89,0.3283509237788237,,,0.8032411601221237,,,,2.8633565117470634,2.372756330084366,429.54887647058825,5.897317871573283
1764858600,449.9,454.63,445.41,448.5,0.3339702064826945,,,0.855971138404067,,,,3.19281820072112,2.536768704211717,430.56876176470587,5.963771514141817
1764862200,448.53,451.71,446.81,448.6,0.335822075936066,,,0.8810445337954496,,,,2.9267126449797187,2.6147574923653174,431.5205215686275,5.94249608385898
1764865800,448.57,450.8,448.34,449.81,0.32794730024713725,0.32794730024713725,,0.898267379437907,,0.898267379437907,,2.8826089020458348,2.6683277743014213,432.450881372549,5.872846162181801
1764869400,449.82,449.86,446.6,448.475,0.3169415400428651,,,0.8965333729511107,,,,2.6413603328271376,2.662934286006565,433.31447647058826,5.820589238938165
1764873000,448.475,449.38,446.2,447.51,0.30868388581696266,,,0.8790121274582072,,,,2.3904421321511453,2.608435855235481,434.1037117647059,5.767777454159402
1764876600,447.5,451.02,447.36,450.8,0.30551392820352724,,,0.8714073870318698,,,,2.4901661751991293,2.584781919228211,434.91225000000003,5.725621905076213
1764880200,450.8,454.65,450.79,454.49,0.31275106044966366,,,0.895671994981926,,,,2.96214751720731,2.660255038824031,435.8328882352941,5.6883094669746885
1764945000,453.03,458.5,452.94,455.77,0.31970434914797796,,,0.9308949815211511,,,,3.2080464313469723,2.7698133173286195,436.8198715686274,5.685743277635195
1764948600,455.74,458.87,452.47,453.1,0.32353395565574583,,,0.9475790242132047,,0.9475790242132047,,3.0292852098955487,2.8217076958420053,437.77798823529406,5.7000284120824904
1764952200,453.1,455.6,451.66,453.58,0.33098916104093606,,,0.9345656978445696,,,,2.619323148895889,2.7812307864527823,438.6469852941177,5.664827843840841
1764955800,453.48,455.52,453.3,455.31,0.33314597762485815,,,0.9266926846497282,,,,2.6587889016185478,2.7567424094859354,439.52410000000003,5.595931286964023
1764959400,455.3,455.59,453.66,454.75,0.319436948017692,,,0.9175087694894428,,,,2.613913246806534,2.728176576950055,440.38936960784315,5.522612661224742
1764963000,454.77,455.81,454.06,455.23,0.3043550413042603,,,0.9042978454577633,,,,2.5227189714806997,2.6870850558561843,441.2258450980392,5.447160408000247
1764966600,455.22,455.47,454.3,454.91,0.298535057402629,,,0.8867907996077654,,,,2.4148137362605726,2.632630791937062,442.02769313725486,5.361617199840243
1765204200,447.41,449.72,442.18,443.42,0.2592264173060535,,,0.7554255283357827,,,,0.5896250178782311,2.224029637125296,442.43426470588247,5.508984855843439
1765207800,443.37,444.1,437.74,438.53,0.2003771064683001,,,0.592656985351498,,,,-0.30736294427882094,1.7177511208444727,442.63348921568615,5.52600515872657
1765211400,438.47,439.46,436.52,437.32,0.14007609471117563,,,0.42636001227364095,,,,-0.8685159565716557,1.2004977053612471,442.6970039215687,5.474285055552039
1765215000,437.32,439.4,437.08,437.23,0.07853854009059956,,,0.2900005519718604,,,,-0.9201781935777975,0.7763625255734382,442.73676764705885,5.411199354440998
1765218600,437.19,437.19,435.26,436.47,0.015904379983055297,,,0.16562911372234068,,,,-1.1578744611998077,0.3895151282187891,442.7133,5.3423753673521786
1765222200,436.48,438.41,436.48,437.81,-0.007329197592966238,,,0.07459151416776631,,,,-1.026310681339133,0.1063499663072047,442.70809901960786,5.274327860005135
1765225800,437.85,439.74,437.6,439.65,-0.009702696887719913,,,0.01797841396581021,,,,-0.7741026029300596,-0.06974054754024817,442.7443450980392,5.211641302805032
1765290600,437.6,445.51,435.71,445.4,0.008597268453960801,,,0.0006037867253656723,,,,-0.33995247974000764,-0.12378293398020007,442.8579068627449,5.303408476748932
1765294200,445.41,448.39,444.89,446.45,0.030980801430256406,,,0.04668941728974397,,,,0.5929453796182181,0.019562728739483573,443.1617549019607,5.267340307213954
1765297800,446.47,449.98,446.2,449.73,0.06452077449984013,,,0.10160257053111481,,,,0.8735775536441622,0.1903656937204193,443.519555882353,5.237593501069675
1765301400,449.75,452.39,449.73,450.53,0.09655312420820401,,,0.17171759654451477,,,,1.2808015570703413,0.4084528663904037,443.9577098039217,5.186041631048281
1765305000,450.54,450.67,448.2,449.2,0.1194290991830162,,,0.2120303415941286,,,,1.0354006898680679,0.5338424310859365,444.3391127450981,5.131720798427315
1765308600,449.23,449.34,446.87,447.26,0.11957784025932508,,,0.22238847842287549,,,,0.6949332060275677,0.5660605860742628,444.6457911764706,5.078486382458768
1765312200,447.22,447.73,445.01,445.25,0.11102429853040548,,,0.2043753117017649,,,,0.28591802431515584,0.5100320737224414,444.8639558823529,5.031316654809593
1765377000,445.93,450.2,443.65,445.96,0.09439283168405897,,,0.18886846070919805,,,,0.2688679836358647,0.46179925570512614,445.07407352941175,5.061690321713401
1765380600,445.95,447.24,444,446.05,0.07495523409245604,,,0.1663847946386714,,,,0.1121310430997345,0.3918656131840479,445.246512745098,5.025256515279133
1765384200,446.03,446.48,444.99,444.99,0.056373455877054474,,,0.14410483717171252,,,,0.045365497057160024,0.32256558995867035,445.39773431372544,4.95455138497355
1765387800,444.99,446.62,444.56,445.44,0.0456719828542058,,,0.12173806095127648,,,,-0.025284740063663064,0.2529955239542037,445.52631078431375,4.8966603572740794
1765391400,445.41,449.9,444.28,447.89,0.048118396086326336,,,0.12080362536183276,,,,0.23846308865958857,0.2500890368952807,445.6988774509804,4.911127150128598
1765395000,447.9,456.88,446.66,456.15,0.07103458918691836,,,0.17959779723285657,,,,1.1644618498194457,0.43296359948011376,446.05504019607844,5.017304607126026
1765398600,456.09,456.25,451.18,451.41,0.08072246067094527,,,0.24487991544728105,,,,1.4482375997044443,0.63601839952498,446.46472450980394,5.018358514983506
1765463400,448.945,449.25,441.05,444.22,0.07402326139303061,,,0.19545938061228915,,,,-0.13257467722450572,0.4822997841750829,446.54572058823527,5.125191344683836
1765467000,444.2,444.52,440.34,441.51,0.05817785239726178,,,0.11603073027909805,,,,-0.75298249161327,0.23524332901741232,446.48744509803936,5.10628751779016
1765470600,441.44,445.22,441.42,444.51,0.04134002613131525,,,0.059230276302325365,,,,-0.6481229847737648,0.05857006625917688,446.44006960784316,5.080161767434357
1765474200,444.64,447.35,444.6,446.14,0.003677048399964487,,,0.04528469476122102,,,,-0.15831300591973993,0.015193451823393517,446.4796627450981,5.035358532085671
1765477800,446.13,447.75,445.62,447.42,-0.01577945161974844,,,0.04671428330479232,,,,0.037426555144875716,0.01964007248768996,446.543718627451,4.977251361443958
1765481400,447.44,448.05,444.52,444.97,-0.019114958196485704,,,0.04120724423324491,,,,-0.066005947287542,0.0025108685326435676,446.5716176470588,4.948306334215079
1765485000,444.99,447,444.19,446.94,-0.00732160246849851,,,0.030752310253488555,,,,-0.16008530533603993,-0.030008366241093133,446.5653049019608,4.905540207530778
1765549800,448.12,463.01,448.01,450.2,0.003871567539271235,,,0.10204022226000711,,,,1.078668336815183,0.19172697437016212,446.8026941176471,5.128829403380162
1765553400,450.2,451.86,443.96,445.9,0.0016543826688966098,,,0.10370832918059028,,,,0.2176695392314864,0.196915487342427,446.8515460784314,5.184252815312559
1765557000,445.93,449.16,441.68,448.06,0.0009774024837041879,,,0.08349104700456822,,,,-0.11750569735465029,0.13403125040301156,446.8220745098038,5.230167759006307
1765560600,448,455.66,447.4,455.62,0.02991402699655705,,,0.13159815934018373,,,,0.8821978497127395,0.28366457026495717,447.0024990196078,5.2907644038261825
1765564200,455.59,456.39,450.11,450.88,0.039929386033062036,,,0.18608634219312034,,,,1.1310702133899433,0.45314569888995443,447.2358960784313,5.310549115749658
1765567800,450.94,455.68,450.91,455.04,0.05263740828440943,,,0.22592490675560128,,,,1.0727190202349146,0.5770603631589465,447.4567264705882,5.300338133434665
1765571400,455.07,459.165,453.75,459.165,0.09035983780627989,,,0.2976298707068693,,,,1.6922230995705796,0.8000929104412732,447.81426470588224,5.3026313707659725
1765809000,469.45,481.38,467.7,472.12,0.15822105980280946,,,0.5183470496227442,,,,4.232708445680385,1.4866160174890957,448.78630490196076,5.640878743350652
1765812600,472.09,481.76,471.39,481.09,0.22825608804119607,,,0.7219892532658511,,,,4.653679837755143,2.120028781542305,449.89150000000006,5.7354611684836385
1765816200,481.18,481.65,475.14,476.94,0.30150891421705206,,,0.8950188406829578,,,,4.811002147282687,2.658223454690382,451.05965784313713,5.7509519451139655
1765819800,477,478.44,474.5,475.7,0.358583976333064,,,0.9974694933073271,,,,4.251546201570153,2.9768880040663364,452.1135490196078,5.714732906211686
1765823400,475.73,478.32,474.59,476.64,0.4049179215606011,,,1.068661700793405,,,,4.084076300894919,3.198325663432053,453.14271078431375,5.675038248087453
1765827000,476.7,478.87,475.731,477.86,0.4134299972854583,,,1.12712293609641,,,,4.1075206137120635,3.3801646534880554,454.18825000000004,5.6243174831257035
1765830600,477.89,480.63,475.05,475.155,0.38689317977562915,0.38689317977562915,,1.1610447337227,,1.1610447337227,,3.907719826525223,3.4856756880954896,455.20645666666667,5.623431133463188
1765895400,472.15,482.05,465.84,475.145,0.3745622931529953,,,1.1322490233955673,,,,3.0378419349519024,3.3961089374667726,456.06994862745097,5.835162510793925
1765899000,475.06,477.9,472.58,475.79,0.3683502185422847,,,1.1165022355080363,,,,3.151213324907966,3.3471298149550117,456.9771258823529,5.824859260578046
1765902600,475.79,481.34,475.16,478.87,0.3671777355283098,,,1.119863786522809,,,,3.39940899092348,3.357585650148706,457.9647756862744,5.8319620753664845
1765906200,478.88,480.8,475.59,477.25,0.35777113210151074,,,1.115914139405816,,,,3.2961603450632784,3.3453005891316208,458.9479196078432,5.819522833859155
1765909800,477.34,480.35,477.24,480.08,0.3655073556595333,,,1.1106676546824583,,,,3.263706736513302,3.328981818607957,459.93614588235295,5.765332377181973
1765913400,480.06,487.7,479.49,487.62,0.39434835862909523,,,1.1467431355224773,,,,3.890031287348531,3.4411917123560722,461.09998,5.814225729638332
1765917000,487.63,491.5,487.23,489.79,0.4273415442850353,,,1.2210805053667821,,,,4.59729388722862,3.672412147330582,462.4497807843137,5.783341215045565
1765981800,488.22,495.25,486.25,490.68,0.4530991953822991,,,1.2739748499708416,,1.2739748499708416,,4.495030259368831,3.836935769738232,463.8145266666666,5.847674390744654
1765985400,490.67,491.25,474.2,478.42,0.4457241190139972,0.4457241190139972,,1.225684122048466,,,,3.0859135625473177,3.6867313283000493,464.89819411764705,6.071720902929761
1765989000,478.33,478.87,474.94,478.13,0.42717780420275525,,,1.1150470216398063,,,,1.9660921306537098,3.3426034887707816,465.7141537254903,6.028886484871165
1765992600,478.15,479.4,472.73,474.51,0.3743303271756113,,,1.003882125722538,,,,1.6137559628412586,2.996833983584877,466.44765647058813,6.041708755173741
1765996200,474.5,474.87,466.22,467.26,0.29413973430141316,,,0.8510331351320585,,,,0.6197112683363608,2.521409440535174,466.936057254902,6.093874580070265
1765999800,467.22,471.22,466.83,470.49,0.2199612010582113,,,0.7059996207694426,,,,0.2658337894836055,2.07029431032486,467.3291011764706,6.05979708846886
1766003400,470.47,470.86,466.92,467.23,0.17552826921602782,,,0.5854462822592952,,,,0.19543679072692208,1.6953228064052726,467.69397843137256,6.017401146699483
1766068200,477.985,483.52,473.12,483.5,0.17860668793426,,,0.5909157443731586,,,,1.7803844255944388,1.712335130243106,468.4521792156862,6.222853123765493
1766071800,483.44,490.42,483.36,488.16,0.2080589586989778,,,0.6549638368221021,,,,2.7084174389358506,1.911551591981655,469.44556921568625,6.239596061290183
1766075400,488.15,490.86,484.58,487.79,0.2595639269477224,,,0.7111596786544901,,,,2.785514917524237,2.0863442570901714,470.46226117647063,6.2404041400643795
1766079000,487.77,490.04,487.12,488.64,0.3043646820716499,,,0.7532722598103293,,,,2.7412833108357257,2.2173320678392825,471.46782764705904,6.173996057263093
1766082600,488.605,489.19,485.46,486.69,0.35416987288373014,,,0.7690040409858742,,,,2.4619942945196054,2.266264513175347,472.40624901960797,6.125116136117831
1766086200,486.62,487.69,483.38,486.55,0.3519807330405517,,,0.7584577233346542,,,,2.1022471313523305,2.233461036810744,473.2598086274509,6.088813813395474
1766089800,486.63,488.95,483.18,483.3,0.3253501794199041,,,0.7359054173485962,,,,1.8827253294070414,2.1633138953300035,474.06344078431374,6.082437537127563
1766154600,488.3,490.49,480.1,480.55,0.2914631654042742,,,0.7015414086228293,,,,1.6288814112589798,2.056427398515799,474.8121003921568,6.168588786385012
1766158200,480.53,481.7,477.75,481.47,0.25773698786762955,,,0.621897341988718,,,,0.8177949469744108,1.8087009082075212,475.35414627450973,6.124217010657311
1766161800,481.48,481.88,474.8,479.36,0.2242075537973154,,,0.5427433951057421,,,,0.5776908478190917,1.5624988961298354,475.8310529411764,6.143332670444164
1766165400,479.37,481.32,477.8,481.24,0.19609503709830378,,,0.4805874553687645,,,,0.5958435347460468,1.3691678238530778,476.3032968627451,6.09086601703528
1766169000,481.27,483.89,481.2,483.8,0.18557976018274724,,,0.4532870101991303,,,,0.9445885832677872,1.2842519757360196,476.850885882353,6.022848696694574
1766172600,483.81,483.97,480.62,482.19,0.17994817261876422,,,0.42751843492493735,,,,0.8834965282369064,1.204100886236197,477.37356313725485,5.969391722760682
1766176200,482.18,484,480.56,480.98,0.17060566851195974,,,0.3945267449563551,,,,0.69101084006851,1.1014828770026597,477.8400423529413,5.918803888305468
1766413800,489.99,498.83,486.1,487.95,0.18609443155848063,,,0.4499525243484344,,,,1.9634701148265992,1.2738803245674477,478.6275745098038,6.157427810539358
1766417400,488.01,493.3,485.35,492.84,0.2072081287076182,,,0.4772831402860853,,,,1.6989287839399347,1.358890016441945,479.3530596078431,6.19327925432857
1766421000,492.74,495.22,491.81,494.94,0.22536496150912344,,,0.5311737911906665,,,,2.1970027832316985,1.5265125697998958,480.1931456862744,6.137613669242
1766424600,494.91,495.6,492.8,494.62,0.24860623283013072,,,0.5755575943620993,,,,2.2167738943944957,1.664564834718816,481.0247729411765,6.070861395857159
1766428200,494.68,496.41,492.86,493.08,0.27183148037015004,,,0.6014974879821668,,,,2.0679846421848733,1.7452487962120276,481.80731392156855,6.020444167940017
1766431800,493.07,493.72,487.5,487.5,0.25784488444213904,,,0.5751455341072256,,,,1.335420586648398,1.6632831542993018,482.40234509803923,6.024435284581217
1766435400,487.5,489.64,487.44,488.87,0.2316328453729059,,,0.5274504328475548,,,,0.9215241922515424,1.5149313618897502,482.8813233333334,5.947946578889592
1766500200,489.38,491.95,485.01,486.73,0.19342877781759074,,,0.48330907336376683,,,,0.828440545656657,1.3776331986431316,483.32354274509794,5.9677876473118
1766503800,486.81,489.35,485.33,485.65,0.15414487082216558,,,0.4284637392168277,,,,0.5246731030453224,1.2070411795235698,483.6743013725491,5.928831894365565
1766507400,485.675,487.2,484.31,485.75,0.11862310256519853,,,0.3703219952768051,,,,0.3028149907207293,1.0261959417630018,483.9568149019608,5.868055256478254
1766511000,485.73,486.18,483.35,485.41,0.10034355868115244,,,0.31518830257231506,,,,0.16875126517684305,0.85470700644577,484.1875117647059,5.807294151348688
1766514600,485.41,486.06,482.85,483.92,0.0759001409390508,,,0.2624223155904547,,,,0.03408512492383501,0.6905826301413831,484.36382823529414,5.755348268321714
1766518200,483.92,487.4,483.47,486.88,0.06506763450509076,,,0.22779437628112348,,,,0.15204547136484858,0.5828751983860762,484.5479760784314,5.718841302955278
1766521800,486.88,486.9,484.56,485.6,0.055310591046323646,,,0.20460461656513954,,,,0.22222574712660575,0.5107453081341821,484.7291435294117,5.651264476896172
1766586600,488.42,490.9,476.81,477.36,0.023185014447639932,,,0.15619036930543861,,,,-0.24219788408511683,0.3601566696903223,484.7821011764706,5.8200391873582475
1766590200,477.3,482.05,477.21,481.7,0.008485733300101585,,,0.07649808734715659,,,,-0.8792256313716066,0.11228020947793652,484.66489411764707,5.800438403611083
1766593800,481.7,482.93,481.16,481.78,0.0015264665568782338,,,0.03846472409434597,,,,-0.47921844142114006,-0.006019520701878792,484.63354784313736,5.7198296355388605
1766597400,481.77,485.43,481.77,485.41,-0.005785827919757558,,,0.026738258231951598,,,,-0.1883906849692873,-0.042493753555360496,484.66480156862764,5.678633042828084
1766759400,485.14,489.08,476.91,477.2,-0.032807556968305986,,,0.0012372629157196488,,,,-0.4390877709151108,-0.12181255702731057,484.63292392156865,5.808460381971521
1766763000,477.13,479.4,473.82,478.46,-0.029938539047094787,,,-0.0707275505546276,,,,-1.2410164990233798,-0.3456533454265244,484.4052247058823,5.80389117433209
1766766600,478.47,479.71,476.58,479.61,-0.03714064377652337,,,-0.111554484086242,,,,-0.9805978793552083,-0.47264225221226125,484.2313431372549,5.750413350845448
1766770200,479.61,480.495,478.42,478.87,-0.04758042139230427,,,-0.13482159482492045,,,,-0.8344946742756896,-0.545012736624947,484.0860970588235,5.676905083828538
1766773800,478.86,479.24,477.75,478.46,-0.07072876658315337,,,-0.16106802568543135,,,,-0.9531998417650851,-0.6266501576529746,483.90890588235294,5.593166982151967
1766777400,478.5,478.85,477.75,478.33,-0.0679997918311465,,,-0.18342154269278663,,,,-0.9742942790737408,-0.6961789819371279,483.7193372549021,5.503303642508928
1766781000,478.36,478.36,474.98,475.215,-0.0772010175916485,,,-0.21795751225575039,,,,-1.2332858180640909,-0.8036003491625205,483.4635235294117,5.460837569658748
1767018600,468.95,469.35,461.33,466.27,-0.11619860578230254,,,-0.35282915777464224,,,,-2.9011376045107604,-1.2231078002321687,482.8064343137255,5.6293208182655725
1767022200,466.2,467.81,465.24,467.66,-0.14804714546692668,,,-0.4524924405238837,,,,-2.773081093377447,-1.5331024588612245,482.1683882352942,5.568134401900261
1767025800,467.61,469.19,465.88,466.09,-0.18074837902227486,,,-0.5211612723781289,,,,-2.6010469667032954,-1.7466913604296388,481.55800882352946,5.5229717138622565
1767029400,466.07,466.79,463.75,464.085,-0.2181915019696413,,,-0.5933814100534861,,,,-2.869866129875318,-1.9713263143187747,480.88142352941173,5.473312279585012
1767033000,464.08,464.36,461.96,463,-0.24859286468913047,,,-0.6662558755965168,,,,-3.104677255890014,-2.1979965026330226,480.15203529411764,5.411846033993313
1767036600,463.03,464.35,462.1,462.7,-0.2551355649425689,,,-0.7219222084917658,,,,-3.0637248524813736,-2.371142172602693,479.4316666666668,5.348609113313446
1767040200,462.69,462.73,459.3,459.71,-0.27484544147558104,,,-0.781892178160479,,,,-3.303801109907718,-2.557673960063698,478.65146666666664,5.310236931047178
1767105000,461.09,462,453.83,460.66,-0.2879942609763565,,,-0.8381232302234052,,,,-3.432184878616204,-2.7325761437741996,477.8170196078431,5.367432192426234
1767108600,460.65,462.2,459.05,461.11,-0.2957411344474413,,,-0.8592714154161663,,,-0.8592714154161663,-3.0614748248435784,-2.7983558799880752,477.0489862745096,5.323083548577709
1767112200,461.09,463.1,460.7,462.2,-0.29583550087089006,,,-0.8571215663052024,,,,-2.764921212632494,-2.791668946516959,476.3287647058824,5.264621877606156
1767115800,462.16,462.27,458.6,460.48,-0.3010204556616547,,,-0.858270724142967,,,,-2.809540763589503,-2.795243309931468,475.57906666666673,5.232729440054032
1767119400,460.51,460.73,457.89,458.62,-0.2967943398530277,,-0.2967943398530277,-0.8687955913382183,,,,-2.9589270921282207,-2.827980066370819,474.77916666666664,5.184874851252952
1767123000,458.64,458.69,456.11,456.12,-0.30131549973189703,,,-0.8939672621551432,,,,-3.2194523963385464,-2.9062745323643644,473.9147323529412,5.132777354227893
1767126600,456.12,456.46,454.04,454.405,-0.31239406225300514,,,-0.9316152700142086,,,,-3.4917800978241678,-3.0233756454563254,472.9893313725491,5.078521807143335
1767191400,456.08,456.54,452.3,454.47,-0.3265395941843327,,,-0.9560355436005373,,,,-3.403162170904672,-3.099332950545995,472.0734607843137,5.061751371000469
1767195000,454.47,455.49,453.3,453.8,-0.33774180325374537,,,-0.9738443140544488,,,,-3.3762967212133583,-3.1547257046794677,471.1610568627451,5.004316343580459
1767198600,453.83,454.619,452.56,454.619,-0.34062036291444936,,,-0.98362513255037,,,-0.98362513255037,-3.3068379674465147,-3.1851481572328773,470.26066960784317,4.945410016708851
1767202200,454.65,455.82,453.27,454.84,-0.3358579257239492,,-0.3358579257239492,-0.9727302113285723,,,,-3.015709257982521,-3.1512603773828065,469.4144415686273,4.897501816374674
1767205800,454.89,455.08,452.65,453.26,-0.3310109218539855,,,-0.9636871941345466,,,,-3.010622473898737,-3.1231327966859928,468.5659547058822,4.84815178004718
1767209400,453.25,453.35,449.44,449.51,-0.3369063433349814,,,-0.9792662522003741,,,,-3.365419858362934,-3.1715902090213812,467.6404207843138,4.829388744446237
1767213000,449.51,450.92,449.32,449.66,-0.34082366493235006,,,-1.0023817543447098,,,-1.0023817543447098,-3.5310847991354644,-3.243489127044198,466.67741627450977,4.764800969557312
1767364200,457.9,458.34,444.38,445.09,-0.36007201898619845,,,-0.9805629476853366,,,,-2.9041608741768066,-3.17562347647072,465.7993352941176,4.948704950166165
1767367800,445.08,448.24,440.9,444.08,-0.38215192855302005,,,-1.035034356855826,,,,-4.022768253616747,-3.3450524318999255,464.6748856862745,4.996530851162842
1767371400,444.05,445.34,441.05,441.79,-0.40635976952759606,,,-1.0840338444034032,,,,-4.107097339327251,-3.497461413385391,463.52070274509816,4.982400234139584
1767375000,441.8,442.58,437.92,438.4,-0.4287552560527257,,,-1.1448497539863272,,,,-4.443276492435528,-3.686624429195419,462.2845315686275,4.975952229456792
1767378600,438.35,438.62,435.31,438.39,-0.44941286709935363,,,-1.2111142907850652,,,,-4.71717710102649,-3.8927349635616335,460.98277607843136,4.942633184867656
1767382200,438.38,441.62,438.38,440.35,-0.44795968345676307,,-0.44795968345676307,-1.2243624151049861,,,,-4.098771111616389,-3.9339421931725846,459.80164803921576,4.908580521170303
1767385800,440.34,440.51,437.61,438.1,-0.44924747585765096,,,-1.2289398119013213,,,-1.2289398119013213,-4.0051303237532245,-3.948179819288713,458.6386121568628,4.868408910746897
1767623400,447.79,455.88,444.57,455.32,-0.3928174819340618,,,-1.063986093874355,,,,-1.382803178122831,-3.4351044910555366,457.97913509803914,5.126640732531959
1767627000,455.36,456.63,453.27,454.05,-0.3295383024632998,,,-0.8769651789766495,,,,-0.5265366077319671,-2.8533909143908227,457.5082600000001,5.09130791788132
1767630600,454.03,457.53,453.96,456.04,-0.2621349225067116,,,-0.715095837115264,,,,-0.33598279835061423,-2.349909291182781,457.09036921568634,5.060881759523693
1767634200,455.96,456.34,453.8,454.72,-0.20445541242108395,,,-0.5830887873903976,,,,-0.2969225147462877,-1.9393119358954822,456.69271960784306,5.010464124333218
1767637800,454.68,457.1,454.35,455.755,-0.13710021536256037,,,-0.46953147962623076,,,,-0.17325738279801872,-1.5861010252759897,456.3315170588236,4.965254841846553
1767641400,455.72,456.21,453.85,456.21,-0.12468832968422049,,,-0.3740831737330298,,,,-0.10167947172698504,-1.289216714566189,455.9970664705882,4.913149745009621
1767645000,456.18,456.18,450.86,451.675,-0.1213822834417515,,,-0.31592792813932685,,,,-0.38478054670144674,-1.1083294809932405,455.6175962745097,4.921886750109428
1767709800,446.365,448.25,435.38,439.06,-0.1616007846459567,,,-0.40137526122028344,,,,-2.4372149099350238,-1.374106566781597,454.81382019607855,5.149349015107239
1767713400,439.06,439.35,431.82,431.865,-0.21913836680849252,,,-0.5388900587758334,,,,-3.512750385685949,-1.8018353305624677,453.77938039215684,5.196962034805095
1767717000,431.87,433.33,430.01,432.05,-0.2786083783346436,,,-0.6825409748599193,,,,-4.035908675571578,-2.24864999956429,452.63795921568624,5.159422794108993
1767720600,432.05,432.54,428.78,429.74,-0.34682781210699304,,,-0.7975919330565682,,,,-4.037933952855873,-2.606506790222607,451.49789294117653,5.131434338226813
1767724200,429.7,433.67,429.13,433.25,-0.3926795153464389,,,-0.8684934452825869,,,,-3.7091741654328523,-2.827040265264656,450.4270090196079,5.119605651462278
1767727800,433.23,434.67,430.04,431.73,-0.4006119760936979,,,-0.9008603167561934,,,,-3.3304130720081466,-2.927714826613354,449.4352898039216,5.109813538433032
1767731400,431.72,433.44,431.32,433.18,-0.3807556294718387,,,-0.9171636921860535,,,,-3.1812665440295302,-2.9784251700965894,448.4804509803921,5.050017267664371
1767796200,435.91,438.12,431.62,434.05,-0.3577497302167958,,,-0.8869112388994147,,,,-2.5079360054521267,-2.884327337167697,447.6628494117646,5.079016922311084
1767799800,434.05,437.33,433.89,435.97,-0.3241658183384911,,,-0.8491118528886001,,,,-2.2964675236247003,-2.7667553744590982,446.8985184313725,5.046236583864862
1767803400,436.07,438.35,435.71,436.22,-0.30086185014429734,,,-0.7951427048379113,,,,-1.9274218122399867,-2.598888662015276,446.22096980392155,4.998111852187566
1767807000,436.21,437.72,435.99,436.34,-0.2718027746556346,,,-0.745474549405107,,,,-1.8264445650820829,-2.4443998426286377,445.57439372549015,4.932749615143814
1767810600,436.35,437.5,434.26,435.88,-0.2490536150085739,,,-0.7056542640426686,,,,-1.8251108012221304,-2.320542034347336,444.93852549019607,4.898894622840938
1767814200,435.89,437.52,435.85,436.13,-0.22850296664579686,,,-0.6628877036229254,,,,-1.655432229996741,-2.1875200734772173,444.3503837254903,4.834316730384119
1767817800,436.16,436.79,431.29,431.35,-0.22839430660100898,,,-0.6522431239427787,,,,-2.0219745107999745,-2.1544109609417688,443.6992850980392,4.847630395776437
1767882600,427.81,435.05,424.36,434.89,-0.21967438949528953,,,-0.6746225879286593,,,,-2.5024586123551504,-2.2240204912244455,442.9509001960784,4.9644777878609085
1767886200,434.78,435.18,432.05,434.26,-0.21614197180166056,,,-0.6400516725263184,,,,-1.6863701739252108,-2.1164904277645986,442.3775750980393,4.92778823210369
1767889800,434.25,436.14,433.33,435.15,-0.20800457588473725,,,-0.5979041777533567,,,,-1.4610083939704797,-1.985394021005775,441.8551578431373,4.885432467461616
1767893400,435.21,436.89,433.74,434.16,-0.2041286415389279,,,-0.5546682417747745,,,,-1.3129844412455527,-1.8509121050537307,441.3689249019608,4.8507238181123835
1767897000,434.18,434.93,432.43,433.73,-0.1864565342614274,,,-0.5299428960447754,,,,-1.4663810672621438,-1.7740058974954134,440.8615684313727,4.803709341750135
1767900600,433.71,435.79,433.67,434.96,-0.17711972005170534,,,-0.49539379975621434,,,,-1.2366949132254128,-1.6665437006414132,440.40684431372546,4.750035154915133
1767904200,434.94,436.25,434.38,435.91,-0.16296333610606367,,,-0.45178317275679136,,,,-0.9883068888307907,-1.5308963382792888,440.00756529411757,4.69243445181683
1767969000,435.82,443.88,430.4,443.57,-0.12994002098709306,,,-0.3709398943861379,,,,-0.27361362644952936,-1.279439795913337,439.7495019607843,4.868185762780493
1767972600,443.65,444.29,440.66,442.64,-0.09606165495715792,,,-0.24713863258584057,,,,0.6459297499699809,-0.8943658867366735,439.6814896078432,4.843422047524883
1767976200,442.71,445.24,442.33,444.47,-0.05514401481995792,,,-0.1357445670540733,,,,0.8380457078475759,-0.5478835678198236,439.6608968627452,4.804753606574385
1767979800,444.45,449.04,444.13,447.18,-0.009840199474069895,,,-0.014265478041967233,,,,1.3413713157277045,-0.170032591110318,439.7522178431374,4.806858534442898
1767983400,447.17,447.9,445.45,446.39,0.029447613683410607,,,0.08921993312878371,,,,1.439382823675855,0.15185049184691665,439.8764388235294,4.759721363754039
1767987000,446.35,446.6,444.55,445.34,0.03971727890097711,,,0.15786643522095736,,,,1.2194477250066933,0.365369938478872,439.971855882353,4.705526936478959
1767990600,445.3,445.95,444.34,444.98,0.05118112941600258,,,0.20480872368431244,,,,1.095421080988282,0.5113801669807541,440.05578470588244,4.643616397749381
1768228200,441.17,450.22,438,449.78,0.07033778387053856,,,0.2343732905670245,,,,0.9711712538036478,0.6033383843453328,440.13559392156867,4.795144069794394
1768231800,449.79,449.9,446.92,448.64,0.0771548330766862,,,0.30949899660430713,,,,1.7717008421568825,0.8370108759076428,440.3812570588235,4.758841188398506
1768235400,448.65,454.26,448.4,453.84,0.1018897823919835,,,0.39768909213189435,,,,2.2085520194159973,1.1113191046093136,440.7287123529412,4.780864364630537
1768239000,453.81,453.9,449.96,450.83,0.1214252467464997,,,0.4748817667969029,,,,2.3118272642517486,1.3514207365378006,441.1113460784313,4.764047077337926
1768242600,450.87,452.13,449.94,451.75,0.14500572842814802,,,0.5205333196144921,,,,2.0613982298129043,1.4934162351928213,441.45802450980386,4.7125661357911675
1768246200,451.74,451.94,449.47,450.91,0.14965422461128491,,,0.5514304607493559,,,,1.9739316494208745,1.589519318038432,441.80125,4.667714813075343
1768249800,450.9,451.1,448.27,448.9,0.15083972345685917,,,0.5560491983784117,,0.5560491983784117,,1.661350385364338,1.6038855315036133,442.0988519607843,4.630960516813837
1768314600,450.15,451.66,445.42,447.09,0.1293604617200346,,,0.5388226051276799,,,,1.3359758386461957,1.55030359293213,442.3501558823529,4.663141306477561
1768318200,447.03,451.39,446.3,450.295,0.1259518801894127,,,0.5237093928510761,,,,1.3152614113364263,1.5032951566129893,442.6092715686275,4.671678480348009
1768321800,450.27,451.8,448.64,449.38,0.11638654902784701,,,0.5254382906907139,,,,1.5301831478981804,1.5086727548700276,442.9202392156863,4.64144491074105
1768325400,449.39,449.7,446.57,447.44,0.10301948537349545,,,0.4997777704680815,,,,1.109597790287875,1.4288577619535971,443.1584049019608,4.611216012526229
1768329000,447.48,448.17,443.95,445.11,0.08821271391144721,,,0.4479522250166119,,,,0.6228617207176779,1.2676585537064133,443.3102235294117,4.6033916922757045
1768332600,445.07,447.22,444.63,446.24,0.08282274908646771,,,0.39952602584012126,,,,0.5145294840875858,1.1170327397826478,443.4421382352942,4.563123858430191
1768336200,446.24,447.82,445.69,447.12,0.0700118393436726,,,0.37204598234185215,,,,0.6896603681143871,1.0315582654489959,443.6040549019609,4.5144613812615875
1768401000,442.86,443.9,437.34,440.07,0.03824441616060479,,,0.2709846541016192,,,,-0.5401575703244565,0.7172150982943054,443.53790490196076,4.619772153636356
1768404600,440.05,440.31,435.89,438.43,0.013738848377800206,,,0.1592938249060829,,,,-1.0198117943267877,0.3698097197700868,443.3772235294117,4.615776710563629
1768408200,438.44,438.77,434.22,436.2,-0.010159355533659774,,,0.04843156263329645,,,,-1.3543312175982873,0.02498153229641198,443.15700882352934,4.614461176352355
1768411800,436.145,436.51,434.77,436.43,-0.036542895357843413,,,-0.05124222566344209,,,,-1.525155144169195,-0.28504580299670945,442.91383921568627,4.556971952825308
1768415400,436.355,437.25,434.91,436.9,-0.06496103662199244,,,-0.12335789131413685,,,,-1.4065958131163792,-0.5093558050206434,442.70120000000003,4.512632513768802
1768419000,436.91,438.35,435.03,435.23,-0.07440466551242897,,,-0.1783355748986785,,,,-1.364374212245241,-0.6803594864655629,442.50437549019614,4.488779863493426
1768422600,435.2,439.45,435.14,439.02,-0.06668216239503566,,,-0.2084516658093221,,,,-1.1487279298659296,-0.7740331751456363,442.3547794117648,4.485204266223557
1768487400,441.13,445.33,439.49,443.33,-0.03987700025746304,,,-0.1601064730785558,,,,-0.022163925833563136,-0.6236593252832218,442.42021862745105,4.521700180899086
1768491000,443.35,445.36,441.95,442.74,-0.019858271556388935,,,-0.10835826832494924,,,,0.181133905721546,-0.4627006790822682,442.5349941176471,4.499466177281105
1768494600,442.72,443.52,441.97,443.14,-0.0026114837768355793,,,-0.07558483351850437,,,,0.04699504108017165,-0.36076153504978026,442.6288196078431,4.440476853735482
1768498200,443.18,443.39,441.09,443.25,0.020698186988750245,,,-0.05216993646057958,,,,0.003389274560247464,-0.2879313731277747,442.7125950980392,4.3976673166607725
1768501800,443.22,443.82,441.09,441.29,0.02448482628999227,,,-0.03981740142411928,,,,-0.09582351875047604,-0.249509802252315,442.7732039215686,4.364313970327558
1768505400,441.27,441.27,438.17,438.42,0.006138036070260219,,,-0.06735773413742269,,,,-0.6778197977935809,-0.33517180136056823,442.72384999999997,4.339427690921007
1768509000,438.46,439.05,437.65,438.47,-0.010592131889534397,,,-0.10899297613128264,,,,-0.9826872289478142,-0.4646748868780175,442.6140294117649,4.280639137102588
1768573800,439.51,447.24,436.4,436.87,-0.03308275826914252,,,-0.11638358329582624,,,,-0.579614345113532,-0.48766277852512047,442.5621578431373,4.411826354360537
1768577400,436.8,439.22,435.27,438.77,-0.04988178895617238,,,-0.1564701397534265,,,,-1.1110928945064613,-0.6123488017213887,442.4066862745098,4.402589827273327
1768581000,438.8,439.72,437.78,438.45,-0.06037974938324313,,,-0.17038229723370188,,,,-0.8287120595794815,-0.6556214532930074,442.29516372549017,4.353338030727861
1768584600,438.56,440.47,437.86,440.34,-0.05529763673059999,,,-0.17137280035327934,,,,-0.6710258563968559,-0.6587023339137771,442.20530588235295,4.318471270113304
1768588200,440.33,440.84,439.03,439.78,-0.05204966811397536,,,-0.1613358267697492,,,,-0.5026063217282386,-0.6274831314766693,442.140275490196,4.268301844711038
1768591800,439.76,440.81,439.63,439.85,-0.04329266520882289,,,-0.15248860904511283,,,,-0.48989032082913575,-0.5999645693471627,442.07324117647056,4.206535807816818
1768595400,439.84,439.87,437.36,437.67,-0.04755953877721788,,,-0.16424005387122104,,,,-0.7827242089444907,-0.6365164972666284,441.95099901960776,4.172605091660482
1768919400,429.47,430.66,423.45,426.95,-0.08514569091384805,,,-0.32562622512343586,,,,-3.146410295901384,-1.1384952569935796,441.39349215686286,4.373552989827273
1768923000,426.86,427.9,424.13,425.68,-0.1318632944535413,,,-0.46825356517133154,,,,-3.3566498456078206,-1.582126174716428,440.7824676470589,4.361481930030727
1768926600,425.64,427.38,423.9,426.26,-0.17515356453950617,,,-0.5791797585467345,,,,-3.307261374955975,-1.9271532147643375,440.16125490196083,4.343852291430112
1768930200,426.25,426.46,423.88,424.79,-0.22291722332751443,,,-0.6669402071194505,,,,-3.292012446066295,-2.200125061024729,439.52888333333334,4.308575245601509
1768933800,424.8,425.01,422,422.255,-0.2713984425337147,,,-0.7554285755136207,,,,-3.576304973842307,-2.475361043588245,438.83214705882347,4.282603740689479
1768937400,422.23,422.32,417.83,417.88,-0.2969733961811836,,,-0.8654186410373206,,,,-4.1859374903020825,-2.8174763329310126,438.0090745098039,4.2867516658756895
1768941000,417.88,420.48,417.46,419.24,-0.31365901230001325,,,-0.9616006985678327,,,-0.9616006985678327,-4.313309264976301,-3.1166429193400704,437.1458078431373,4.261416632558176
1769005800,421.76,428.23,419.64,427.46,-0.30678884983041566,,-0.30678884983041566,-0.9418549383773264,,,,-2.8095548914939377,-3.055225313770844,436.51088823529415,4.355988299907013
1769009400,427.46,429.77,427.03,427.46,-0.2922648819380622,,,-0.8658359583992942,,,,-1.8729705707221311,-2.8187743651611017,436.02810392156863,4.323668533908873
1769013000,427.46,427.49,420.06,423.63,-0.2811455587941034,,,-0.842418623023591,,,,-2.4545856345902894,-2.7459366190469394,435.4253098039216,4.3857951632306955
1769016600,423.68,425.78,422.82,425.64,-0.24832784392087356,,,-0.8185844266363178,,,,-2.375264824532578,-2.6718022601440676,434.8296921568628,4.357279259966081
1769020200,425.67,433.07,425.34,432.58,-0.19791603981098418,,,-0.723339877672236,,,,-1.190549554637352,-2.3755517190427247,434.4328647058824,4.42473367476676
1769023800,432.52,438.2,432.43,433.57,-0.17272663709063502,,,-0.5715461485596173,,,,-0.01484053533170269,-1.9034094823005203,434.24606470588236,4.451639001271424
1769027400,433.55,434.25,430.29,431.48,-0.15430452351781598,,,-0.4724128758094419,,,,-0.3616789574144332,-1.595063377323303,433.9990078431372,4.441806221245995
1769092200,435.16,436.4,432.63,435.7,-0.11000236097943926,,,-0.35383185384418553,,,,0.24912047905704596,-1.2262266060472333,433.86357254901975,4.451370096821074
1769095800,435.68,439.3,434.61,437.99,-0.0638998231488078,,,-0.23049214313084654,,,,0.6919648513919426,-0.8425883145593982,433.8115058823529,4.456142694884652
1769099400,437.99,439.18,437.07,439.1,-0.03843166126568257,,,-0.11050179577345176,,,,1.0235135105944861,-0.4693679495286213,433.8221039215686,4.409219840986959
1769103000,439.09,448.26,438.68,444.98,0.0034533970180619525,,,0.0441901922854004,,,,1.9364172457878974,0.01178908953468244,434.01415490196086,4.51263544416722
1769106600,444.94,448.85,444.6,448.405,0.06190492403950719,,,0.2193412037958707,,,,2.7357550539276887,0.5565822824132837,434.3676549019607,4.507382735283875
1769110200,448.44,449.12,445.51,446.36,0.10002295860463618,,,0.3641062484025901,,,,2.8079826650994324,1.0068623589505135,434.7512441176471,4.489435080578199
1769113800,446.38,449.46,446.11,449.35,0.1392027469354042,,,0.48174041386194727,,,,2.8363206087072346,1.3727540089018577,435.1561588235293,4.466646378966634
1769178600,447.425,451.2,444.04,446.12,0.16401582192273859,,,0.559286771266672,,,,2.578762677715617,1.6139557426646096,435.538918627451,4.5205134513873
1769182200,446.16,452.43,445.84,450.06,0.18024726385710058,,,0.6337103727680357,,,,2.771399000850669,1.8454443943018215,435.97964607843124,4.561903182359555
1769185800,450.02,450.355,447.66,448.89,0.18233647924443336,,,0.6967688556420966,,,,2.826136196386749,2.0415827547188075,436.4442127450981,4.524565118712363
1769189400,448.93,449.21,445.3,446.73,0.18447040803645431,,,0.7179748855692552,,,,2.3713810428550213,2.10754241234605,436.84217941176473,4.512273816338115
1769193000,446.73,448.57,446.05,447.155,0.17707031144969176,,,0.7247989169083616,,,,2.213670426951128,2.128768015267066,437.2257676470587,4.472428340011352
1769196600,447.18,448.83,446.89,447.27,0.18020790107283813,,,0.7321130245583292,,,,2.242517745437632,2.1515179613011792,437.6265803921569,4.421779773211125
1769200200,447.26,449.31,446.91,449.11,0.17595778988956595,,,0.7419592253506525,,0.7419592253506525,,2.304647056049597,2.182143780250863,438.0500480392156,4.381344177746902
1769437800,445.025,445.06,437.66,437.91,0.14175353995907575,,,0.647229617167886,,,,0.7088994850289881,1.8874949212064882,438.20759803921567,4.522717294191964
1769441400,437.9,439.97,436.73,439.76,0.11815610354450891,,,0.5306025166823083,,,,0.07369864615862282,1.5247356661969154,438.25857254901956,4.497062948308125
1769445000,439.75,440.26,437.95,439.82,0.09274724032548073,,,0.44844453990333094,,,,0.24700663386445115,1.2691898597304228,438.3450000000001,4.453321689341962
1769448600,439.82,439.84,437.82,438.575,0.06238947558477164,,,0.3755922424741102,,,,0.1361836788716252,1.0425886235586632,438.4139078431373,4.404655255555123
1769452200,438.55,438.85,437.43,437.75,0.023344144553910803,,,0.30408316474678054,,,,-0.06952767080105215,0.8201653646867202,438.44709509803914,4.344962150444021
1769455800,437.73,437.95,434.48,434.87,0.013707224677267168,,,0.2194443655555752,,,,-0.4961456647254936,0.5569031588042774,438.4045519607844,4.327462907435139
1769459400,434.85,436.36,434.29,435.23,-0.0016816426459744798,,,0.13652624225404997,,,,-0.7326477479068458,0.2989929774620528,438.31992745098046,4.2823136492864355
1769524200,437.48,437.48,431.81,435.38,-0.015529464867745195,,,0.0768319564726157,,,,-0.6293784965882467,0.11331868265199288,438.2501637254902,4.310067376300707
1769527800,435.38,436.25,433.73,434.85,-0.02530393227254218,,,0.022757420475664706,,,,-0.7276538833970118,-0.054875830557808064,438.16268627450984,4.274266028774693
1769531400,434.88,435.81,433.1,434.68,-0.03299688094795394,,,-0.025941570704704882,,,,-0.8122473885728871,-0.2063501421608239,438.06384999999995,4.242980708199199
1769535000,434.64,434.95,432.28,432.79,-0.03654880599836256,,,-0.07785860747675907,,,,-1.0137690655209197,-0.3678339268328431,437.9345098039217,4.211521094035215
1769538600,432.83,433.45,430.84,431.34,-0.04572141862470896,,,-0.14092368585157805,,,,-1.3486283028020345,-0.5639928020266813,437.7515794117646,4.17949067215451
1769542200,431.32,433.88,430.7,433.8,-0.048544362358368766,,,-0.1844890851460827,,,,-1.241526228068744,-0.6994994872350939,437.5891294117647,4.15950085871142
1769545800,433.76,433.78,430.73,430.91,-0.059380561126938326,,,-0.2192993389675731,,,,-1.2408720194511185,-0.8077739936782988,437.42936960784306,4.137710841537191
1769610600,431.91,438.26,431.2,434.69,-0.058058902324012035,,,-0.21828482153944473,,,,-0.7919961176576398,-0.8046184184741672,437.34293333333335,4.201956624706447
1769614200,434.67,434.91,432.03,434.09,-0.05269428411747339,,,-0.21784924440316222,,,,-0.7978442794962113,-0.8032635906785761,437.256412745098,4.175517492212318
1769617800,434.08,435.6,432.36,433.09,-0.04481710090320443,,,-0.21858494227606629,,,,-0.8147052372245172,-0.8055519199877644,437.1690725490195,4.156807142368072
1769621400,433.07,435.5,432.41,434.81,-0.04014888271054587,,,-0.21566640907761025,,,,-0.7601626011937358,-0.7964740562289587,437.0911303921569,4.13547099952071
1769625000,434.8,435.55,432.75,432.87,-0.030953249375736257,,,-0.21181113649604832,,,,-0.7365164733119771,-0.7844825396455625,437.01867058823535,4.108761579530296
1769628600,432.89,436,431.75,434.27,-0.03050894487986661,,,-0.21160813878123164,,,,-0.7813254989796723,-0.7838511315123845,436.93998725490195,4.11158634793969
1769632200,434.27,434.47,430.1,431.06,-0.03781792650004825,,,-0.22902623354512497,,,,-1.054739074963292,-0.838028720202566,436.81710196078427,4.116754620980896
1769697000,437.61,440.2,421.26,422.3,-0.06926205827055922,,,-0.26655231600937085,,,,-1.421638089786483,-0.9547505941193495,436.61650098039223,4.413219528561278
1769700600,422.29,423.17,414.62,421.91,-0.11140687163544791,,,-0.4273947198896438,,,,-3.456187668462629,-1.4550380089880055,436.0363647058824,4.495955137990053
1769704200,421.88,424.84,419.4,424.21,-0.14036623333190212,,,-0.5184267621768723,,,,-2.870777391371031,-1.7381858854646106,435.5435892156862,4.5148360352302515
1769707800,424.21,424.75,419.78,421.84,-0.18116437137029417,,,-0.58306319163812,,,,-2.743418069931914,-1.9392323223580714,435.05605686274504,4.523939314525647
1769711400,421.82,422.94,419.82,420.38,-0.21603447033597903,,,-0.6482430316761584,,,,-2.9529156822031486,-2.1419689943270868,434.51589705882367,4.495860528235134
1769715000,420.38,420.76,415.46,415.51,-0.23688470502096748,,,-0.7360443279604061,,,,-3.5074634933045,-2.4150678941225694,433.8529764705882,4.511943317670432
1769718600,415.5,417.51,414.95,416.51,-0.2548352932490045,,,-0.8251662170024974,,,-0.8251662170024974,-3.801100383113102,-2.692274391920676,433.11945882352944,4.472904451317023
1769783400,425.77,435.32,422.7,433.53,-0.22799841777193144,,-0.22799841777193144,-0.7003784800519562,,,,-0.7515630863135034,-2.3041321307992417,432.907174509804,4.759646362290682
1769787000,433.59,439.88,430.5,438.4,-0.17536883550606874,,,-0.5169680621792233,,,,0.5482849434267771,-1.7336487159540381,432.9321921568627,4.852053435044868
1769790600,438.36,439.83,433.94,438.46,-0.11759086851284924,,,-0.3445492097282162,,,,0.9478264388050149,-1.1973536850022275,433.0289196078432,4.872812366343971
1769794200,438.2,439.53,432.33,434.65,-0.05621882219203288,,,-0.22681604446675813,,,,0.6336442195305567,-0.8311541040956707,433.06037843137256,4.919356119017092
1769797800,434.76,436.6,432.1,433.82,-0.0001071815467408436,,,-0.15622030994632224,,,,0.2667577858022442,-0.6115717261160878,433.0099607843137,4.91096899663675
1769801400,433.77,435.45,430.23,430.65,-0.009251512325307397,,,-0.1215572131746869,,,,-0.07248779498645588,-0.5037549398901614,432.88143333333335,4.917149616704013
1769805000,430.68,434.99,430.1,430.335,-0.03560259879177175,,,-0.10466143919447521,,,,-0.24099018125545366,-0.4512019881632199,432.7111039215687,4.9166066243699325
1770042600,421.13,421.68,414.51,420.18,-0.09399619181163194,,,-0.23457588197268187,,,,-2.4716443330808975,-0.8552904571467554,432.0663362745098,5.134774491882533
1770046200,420.145,422.49,418.56,419.5,-0.14008265825627683,,,-0.3216176699008852,,,,-2.2089730065744884,-1.1260269670323022,431.4631019607842,5.110679002044882
1770049800,419.47,423.35,418.31,423.31,-0.1709013726581877,,,-0.3725241575325291,,,,-1.9177297295773086,-1.2843675195413036,430.9081901960784,5.109265422003984
1770053400,423.3,426.92,422.66,426.3,-0.18138526975209204,,,-0.3621045122588582,,,,-1.1223201591420666,-1.2519580474614562,430.51016862745104,5.092280113563904
1770057000,426.3,427.15,425.38,425.7,-0.1906395748604484,,,-0.3333257156826003,,,,-0.8043873386549563,-1.1624439057001563,430.1752176470589,5.025834511292625
1770060600,425.67,425.67,422.55,423.94,-0.16949807748587428,,,-0.3272863869951991,,,,-1.068519664838551,-1.1436590575278354,429.7876156862745,4.988317821066772
1770064200,423.95,424.05,421.75,421.76,-0.153424492544541,,,-0.3381610797350254,,,,-1.3127833614131588,-1.1774839183049002,429.35549705882346,4.934551464645437
1770129000,424.27,425.51,419.75,422.85,-0.14596452244231625,,,-0.33850282015361455,,,,-1.182798699309396,-1.1785468745057994,428.9511078431372,4.951060435352527
1770132600,422.87,428.55,422.05,423.18,-0.14877619655907273,,,-0.3200971958000535,,,,-0.8923007725841654,-1.1212976541214728,428.6079774509804,4.982039226645477
1770136200,423.22,427.71,420.09,420.84,-0.15537854415913283,,,-0.3153137008581034,,,,-1.046904264666572,-1.1064189762304926,428.23595196078423,5.034798442112567
1770139800,420.83,421.42,416.89,418.1,-0.16479048876901273,,,-0.3520569667834475,,,,-1.6778539050849879,-1.2207059620013918,427.74071666666674,5.024702473270316
1770143400,418.09,418.82,413.69,415.89,-0.17428710765577546,,,-0.4084006216583115,,,,-2.0969680906929,-1.3959583877396935,427.1635568627451,5.026808423804909
1770147000,415.94,419.27,414.91,418.64,-0.1789188511423618,,,-0.4397499057755087,,,,-1.88350557463234,-1.493467825118223,426.63290294117644,5.013472255328811
1770150600,418.65,422.19,418.59,421.81,-0.17490962868599189,,,-0.42031031558142845,,,,-1.1911413835306606,-1.4330025368007104,426.248081372549,4.985202810222234
1770215400,420.36,423.9,415.05,416.79,-0.17770276976761984,,,-0.4146538563798785,,,,-1.3450327202913805,-1.4154085734988444,425.83422647058825,5.062498754017789
1770219000,416.69,417.2,407.04,408.87,-0.19927011101962247,,,-0.48220487956375413,,,,-2.4659688096399903,-1.6255206207270736,425.1853696078431,5.164448778937432
1770222600,408.78,409.24,402.99,403.13,-0.23028959395956047,,,-0.6042353661937626,,,,-3.5233508949107186,-2.0050866755638026,424.3076607843138,5.1861598033586835
1770226200,403.12,406.5,399.19,406.47,-0.2604241175715334,,,-0.7157106242528215,,,,-3.7387609844138634,-2.351821537333815,423.36862254901956,5.22863660729151
1770229800,406.49,406.5,402.28,404.75,-0.30707808637758166,,,-0.7805186908013808,,,,-3.3597230388666177,-2.5534018376403758,422.50399607843144,5.20846387514568
1770233400,404.92,409.35,404.17,407.79,-0.327567917968119,,,-0.8036263888888933,,,,-2.9127750582859795,-2.6252764817694967,421.72692549019615,5.207894597642767
1770237000,407.81,409.15,405.35,405.93,-0.327747102125339,,,-0.8077985828091534,,,,-2.690162856890183,-2.638253756793634,420.9943352941177,5.17973670568991
1770301800,397.04,401.15,387.545,389.73,-0.35795441014337864,,,-0.944088734788917,,,,-4.757851765810174,-3.0621733585969424,419.767243137255,5.443841971576112
1770305400,389.79,396.95,387.74,396.83,-0.37771986380194233,,,-1.0466543621370392,,,,-4.657284203824351,-3.381195527642424,418.5318205882351,5.51916513214459
1770309000,396.92,400.45,395.82,399.94,-0.3822696375086295,,,-1.0543692423095132,,,-1.0543692423095132,-3.501178111973274,-3.4051920445085946,417.54381764705886,5.501381829501698
1770312600,400,402.08,398.48,399.61,-0.3982578484545163,,,-1.030917720847928,,,,-3.04047164852749,-3.3322479653123738,416.6536735294117,5.463354192911663
1770316200,399.58,401.44,397.66,398.76,-0.41115968032649736,,,-1.0109139220576664,,,,-3.0211468954793728,-3.270027751345774,415.76388235294115,5.42968710905343
1770319800,398.71,398.79,393.8,394.08,-0.3836530119584026,,-0.3836530119584026,-1.0193508982272206,,,,-3.401240444495913,-3.2962702899758023,414.78276176470587,5.420893366872361
1770323400,394.11,397.85,393.03,396.9,-0.37086783194214373,,,-1.0252218977375902,,,,-3.3875766587218314,-3.314531563725008,413.79548039215683,5.408875499534915
1770388200,400.87,410.3,397.78,410.14,-0.32902379079413907,,,-0.9094289952261541,,,,-1.5137088186015846,-2.9543670147003236,413.20188725490203,5.5686979895442175
1770391800,410.18,412.21,408.7,410.28,-0.2843382057429833,,,-0.7486125396488661,,,,-0.45333349094778885,-2.454160309949817,412.84831176470584,5.527524029753333
1770395400,410.32,414.04,410.04,413.87,-0.2259003137901461,,,-0.5968160338773274,,,,-0.09340594336289963,-1.9820094366324335,412.58095000000003,5.496973549158266
1770399000,413.85,414.54,411.74,412.18,-0.15700089246259685,,,-0.46101894987487735,,,,0.12992033012417756,-1.5596234832811113,412.3703392156864,5.443034078175101
1770402600,412.18,414.04,411.08,413.4,-0.09337864270779392,,,-0.3545974962833856,,,,0.09545355546681654,-1.2286080755315258,412.16018333333324,5.393373396611599
1770406200,413.39,414.55,412.77,413.4,-0.07562035660049783,,,-0.25714148674654314,,,,0.2870374849170352,-0.9254789634418137,412.0001431372548,5.321105928679367
1770409800,413.34,414.55,410.645,410.99,-0.06526550190503391,,,-0.1907079063708678,,,,0.10770269092327704,-0.7188426325687955,411.8112029411764,5.292783810105781